<?xml version="1.0" encoding="UTF-8"?>
<GenRun Id="impl_1" LaunchPart="xc7a35tcpg236-1" LaunchTime="1725804059">
  <File Type="ROUTE-PWR" Name="RCAtoSevenSeg_power_routed.rpt"/>
  <File Type="PA-TCL" Name="RCAtoSevenSeg.tcl"/>
  <File Type="ROUTE-PWR-SUM" Name="RCAtoSevenSeg_power_summary_routed.pb"/>
  <File Type="REPORTS-TCL" Name="RCAtoSevenSeg_reports.tcl"/>
  <File Type="OPT-RQA-PB" Name="RCAtoSevenSeg_rqa_opted.pb"/>
  <File Type="BITSTR-MMI" Name="RCAtoSevenSeg.mmi"/>
  <File Type="OPT-METHODOLOGY-DRC" Name="RCAtoSevenSeg_methodology_drc_opted.rpt"/>
  <File Type="INIT-TIMING" Name="RCAtoSevenSeg_timing_summary_init.rpt"/>
  <File Type="OPT-TIMING" Name="RCAtoSevenSeg_timing_summary_opted.rpt"/>
  <File Type="OPT-DCP" Name="RCAtoSevenSeg_opt.dcp"/>
  <File Type="OPT-DRC" Name="RCAtoSevenSeg_drc_opted.rpt"/>
  <File Type="OPT-HWDEF" Name="RCAtoSevenSeg.hwdef"/>
  <File Type="PWROPT-DCP" Name="RCAtoSevenSeg_pwropt.dcp"/>
  <File Type="PWROPT-DRC" Name="RCAtoSevenSeg_drc_pwropted.rpt"/>
  <File Type="PWROPT-TIMING" Name="RCAtoSevenSeg_timing_summary_pwropted.rpt"/>
  <File Type="PLACE-DCP" Name="RCAtoSevenSeg_placed.dcp"/>
  <File Type="PLACE-IO" Name="RCAtoSevenSeg_io_placed.rpt"/>
  <File Type="PLACE-CLK" Name="RCAtoSevenSeg_clock_utilization_placed.rpt"/>
  <File Type="PLACE-UTIL" Name="RCAtoSevenSeg_utilization_placed.rpt"/>
  <File Type="PLACE-UTIL-PB" Name="RCAtoSevenSeg_utilization_placed.pb"/>
  <File Type="PLACE-CTRL" Name="RCAtoSevenSeg_control_sets_placed.rpt"/>
  <File Type="PLACE-SIMILARITY" Name="RCAtoSevenSeg_incremental_reuse_placed.rpt"/>
  <File Type="PLACE-PRE-SIMILARITY" Name="RCAtoSevenSeg_incremental_reuse_pre_placed.rpt"/>
  <File Type="BG-BIN" Name="RCAtoSevenSeg.bin"/>
  <File Type="PLACE-TIMING" Name="RCAtoSevenSeg_timing_summary_placed.rpt"/>
  <File Type="ROUTE-PWR-RPX" Name="RCAtoSevenSeg_power_routed.rpx"/>
  <File Type="PLACE-RQA-PB" Name="RCAtoSevenSeg_rqa_placed.pb"/>
  <File Type="POSTPLACE-PWROPT-DCP" Name="RCAtoSevenSeg_postplace_pwropt.dcp"/>
  <File Type="BITSTR-MSK" Name="RCAtoSevenSeg.msk"/>
  <File Type="POSTPLACE-PWROPT-TIMING" Name="RCAtoSevenSeg_timing_summary_postplace_pwropted.rpt"/>
  <File Type="PHYSOPT-DCP" Name="RCAtoSevenSeg_physopt.dcp"/>
  <File Type="PHYSOPT-DRC" Name="RCAtoSevenSeg_drc_physopted.rpt"/>
  <File Type="BITSTR-RBT" Name="RCAtoSevenSeg.rbt"/>
  <File Type="PHYSOPT-TIMING" Name="RCAtoSevenSeg_timing_summary_physopted.rpt"/>
  <File Type="ROUTE-ERROR-DCP" Name="RCAtoSevenSeg_routed_error.dcp"/>
  <File Type="ROUTE-DCP" Name="RCAtoSevenSeg_routed.dcp"/>
  <File Type="ROUTE-BLACKBOX-DCP" Name="RCAtoSevenSeg_routed_bb.dcp"/>
  <File Type="ROUTE-DRC" Name="RCAtoSevenSeg_drc_routed.rpt"/>
  <File Type="ROUTE-DRC-PB" Name="RCAtoSevenSeg_drc_routed.pb"/>
  <File Type="ROUTE-DRC-RPX" Name="RCAtoSevenSeg_drc_routed.rpx"/>
  <File Type="ROUTE-METHODOLOGY-DRC" Name="RCAtoSevenSeg_methodology_drc_routed.rpt"/>
  <File Type="ROUTE-METHODOLOGY-DRC-RPX" Name="RCAtoSevenSeg_methodology_drc_routed.rpx"/>
  <File Type="ROUTE-METHODOLOGY-DRC-PB" Name="RCAtoSevenSeg_methodology_drc_routed.pb"/>
  <File Type="ROUTE-RQS-PB" Name="RCAtoSevenSeg_rqs_routed.pb"/>
  <File Type="ROUTE-STATUS" Name="RCAtoSevenSeg_route_status.rpt"/>
  <File Type="ROUTE-STATUS-PB" Name="RCAtoSevenSeg_route_status.pb"/>
  <File Type="ROUTE-TIMINGSUMMARY" Name="RCAtoSevenSeg_timing_summary_routed.rpt"/>
  <File Type="ROUTE-TIMING-PB" Name="RCAtoSevenSeg_timing_summary_routed.pb"/>
  <File Type="ROUTE-TIMING-RPX" Name="RCAtoSevenSeg_timing_summary_routed.rpx"/>
  <File Type="ROUTE-SIMILARITY" Name="RCAtoSevenSeg_incremental_reuse_routed.rpt"/>
  <File Type="ROUTE-CLK" Name="RCAtoSevenSeg_clock_utilization_routed.rpt"/>
  <File Type="ROUTE-BUS-SKEW" Name="RCAtoSevenSeg_bus_skew_routed.rpt"/>
  <File Type="ROUTE-BUS-SKEW-PB" Name="RCAtoSevenSeg_bus_skew_routed.pb"/>
  <File Type="ROUTE-BUS-SKEW-RPX" Name="RCAtoSevenSeg_bus_skew_routed.rpx"/>
  <File Type="POSTROUTE-PHYSOPT-DCP" Name="RCAtoSevenSeg_postroute_physopt.dcp"/>
  <File Type="POSTROUTE-PHYSOPT-BLACKBOX-DCP" Name="RCAtoSevenSeg_postroute_physopt_bb.dcp"/>
  <File Type="POSTROUTE-PHYSOPT-TIMING" Name="FourBitRCA_timing_summary_postroute_physopted.rpt"/>
  <File Type="POSTROUTE-PHYSOPT-TIMING-PB" Name="FourBitRCA_timing_summary_postroute_physopted.pb"/>
  <File Type="POSTROUTE-PHYSOPT-TIMING-RPX" Name="FourBitRCA_timing_summary_postroute_physopted.rpx"/>
  <File Type="POSTROUTE-PHYSOPT-BUS-SKEW" Name="FourBitRCA_bus_skew_postroute_physopted.rpt"/>
  <File Type="BG-BIT" Name="RCAtoSevenSeg.bit"/>
  <File Type="POSTROUTE-PHYSOPT-BUS-SKEW-PB" Name="FourBitRCA_bus_skew_postroute_physopted.pb"/>
  <File Type="POSTROUTE-PHYSOPT-BUS-SKEW-RPX" Name="FourBitRCA_bus_skew_postroute_physopted.rpx"/>
  <File Type="BITSTR-NKY" Name="RCAtoSevenSeg.nky"/>
  <File Type="BITSTR-BMM" Name="RCAtoSevenSeg_bd.bmm"/>
  <File Type="PDI-FILE" Name="RCAtoSevenSeg.pdi"/>
  <File Type="BOOT-PDI-FILE" Name="RCAtoSevenSeg_boot.pdi"/>
  <File Type="PL-PDI-FILE" Name="RCAtoSevenSeg_pld.pdi"/>
  <File Type="RCFI_FILE" Name="RCAtoSevenSeg.rcfi"/>
  <File Type="CFI_FILE" Name="RCAtoSevenSeg.cfi"/>
  <File Type="RNPI_FILE" Name="RCAtoSevenSeg.rnpi"/>
  <File Type="NPI_FILE" Name="RCAtoSevenSeg.npi"/>
  <File Type="RBD_FILE" Name="RCAtoSevenSeg.rbd"/>
  <File Type="BITSTR-LTX" Name="debug_nets.ltx"/>
  <File Type="BITSTR-LTX" Name="RCAtoSevenSeg.ltx"/>
  <File Type="BITSTR-SYSDEF" Name="RCAtoSevenSeg.sysdef"/>
  <File Type="BG-BGN" Name="RCAtoSevenSeg.bgn"/>
  <File Type="BG-DRC" Name="RCAtoSevenSeg.drc"/>
  <File Type="RDI-RDI" Name="RCAtoSevenSeg.vdi"/>
  <File Type="WBT-USG" Name="usage_statistics_webtalk.html"/>
  <File Type="ROUTE-RQS" Name="RCAtoSevenSeg_routed.rqs"/>
  <File Type="POSTROUTE-PHYSOPT-RQS" Name="RCAtoSevenSeg_postroute_physopted.rqs"/>
  <File Type="ROUTE-RQS-RPT" Name="route_report_qor_suggestions_0.rpt"/>
  <File Type="POSTROUTE-PHYSOPT-RQS-RPT" Name="postroute_physopt_report_qor_suggestions_0.rpt"/>
  <FileSet Name="sources" Type="DesignSrcs" RelSrcDir="$PSRCDIR/sources_1" RelGenDir="$PGENDIR/sources_1">
    <Filter Type="Srcs"/>
    <File Path="$PSRCDIR/sources_1/new/FourBitRCA.v">
      <FileInfo>
        <Attr Name="UsedIn" Val="synthesis"/>
        <Attr Name="UsedIn" Val="implementation"/>
        <Attr Name="UsedIn" Val="simulation"/>
      </FileInfo>
    </File>
    <File Path="$PSRCDIR/sources_1/new/FullAdder.v">
      <FileInfo>
        <Attr Name="UsedIn" Val="synthesis"/>
        <Attr Name="UsedIn" Val="implementation"/>
        <Attr Name="UsedIn" Val="simulation"/>
      </FileInfo>
    </File>
    <File Path="$PSRCDIR/sources_1/new/SevenSegDecoder.v">
      <FileInfo>
        <Attr Name="UsedIn" Val="synthesis"/>
        <Attr Name="UsedIn" Val="implementation"/>
        <Attr Name="UsedIn" Val="simulation"/>
      </FileInfo>
    </File>
    <File Path="$PSRCDIR/sources_1/new/RCAtoSevenSeg.v">
      <FileInfo>
        <Attr Name="UsedIn" Val="synthesis"/>
        <Attr Name="UsedIn" Val="implementation"/>
        <Attr Name="UsedIn" Val="simulation"/>
      </FileInfo>
    </File>
    <Config>
      <Option Name="DesignMode" Val="RTL"/>
      <Option Name="TopModule" Val="RCAtoSevenSeg"/>
      <Option Name="TopAutoSet" Val="TRUE"/>
    </Config>
  </FileSet>
  <FileSet Name="constrs_in" Type="Constrs" RelSrcDir="$PSRCDIR/constrs_1" RelGenDir="$PGENDIR/constrs_1">
    <Filter Type="Constrs"/>
    <File Path="$PSRCDIR/constrs_1/new/RCAtoSevenSeg.xdc">
      <FileInfo>
        <Attr Name="UsedIn" Val="synthesis"/>
        <Attr Name="UsedIn" Val="implementation"/>
      </FileInfo>
    </File>
    <Config>
      <Option Name="ConstrsType" Val="XDC"/>
    </Config>
  </FileSet>
  <FileSet Name="utils" Type="Utils" RelSrcDir="$PSRCDIR/utils_1" RelGenDir="$PGENDIR/utils_1">
    <Filter Type="Utils"/>
    <File Path="$PSRCDIR/utils_1/imports/synth_1/FourBitRCA.dcp">
      <FileInfo>
        <Attr Name="UsedIn" Val="synthesis"/>
        <Attr Name="UsedIn" Val="implementation"/>
        <Attr Name="UsedInSteps" Val="synth_1"/>
        <Attr Name="AutoDcp" Val="1"/>
      </FileInfo>
    </File>
    <Config>
      <Option Name="TopAutoSet" Val="TRUE"/>
    </Config>
  </FileSet>
  <Strategy Version="1" Minor="2">
    <StratHandle Name="Vivado Implementation Defaults" Flow="Vivado Implementation 2023"/>
    <Step Id="init_design"/>
    <Step Id="opt_design"/>
    <Step Id="power_opt_design"/>
    <Step Id="place_design"/>
    <Step Id="post_place_power_opt_design"/>
    <Step Id="phys_opt_design"/>
    <Step Id="route_design"/>
    <Step Id="post_route_phys_opt_design"/>
    <Step Id="write_bitstream"/>
  </Strategy>
</GenRun>
