<?xml version="1.0" encoding="UTF-8"?>
<GenRun Id="impl_1" LaunchPart="xc7a35tcpg236-1" LaunchTime="1725734014">
  <File Type="ROUTE-PWR" Name="FourBitRCA_power_routed.rpt"/>
  <File Type="PA-TCL" Name="FourBitRCA.tcl"/>
  <File Type="ROUTE-PWR-SUM" Name="FourBitRCA_power_summary_routed.pb"/>
  <File Type="REPORTS-TCL" Name="FourBitRCA_reports.tcl"/>
  <File Type="OPT-RQA-PB" Name="FourBitRCA_rqa_opted.pb"/>
  <File Type="BITSTR-MMI" Name="FourBitRCA.mmi"/>
  <File Type="OPT-METHODOLOGY-DRC" Name="FourBitRCA_methodology_drc_opted.rpt"/>
  <File Type="INIT-TIMING" Name="FourBitRCA_timing_summary_init.rpt"/>
  <File Type="OPT-TIMING" Name="FourBitRCA_timing_summary_opted.rpt"/>
  <File Type="OPT-DCP" Name="FourBitRCA_opt.dcp"/>
  <File Type="OPT-DRC" Name="FourBitRCA_drc_opted.rpt"/>
  <File Type="OPT-HWDEF" Name="FourBitRCA.hwdef"/>
  <File Type="PWROPT-DCP" Name="FourBitRCA_pwropt.dcp"/>
  <File Type="PWROPT-DRC" Name="FourBitRCA_drc_pwropted.rpt"/>
  <File Type="PWROPT-TIMING" Name="FourBitRCA_timing_summary_pwropted.rpt"/>
  <File Type="PLACE-DCP" Name="FourBitRCA_placed.dcp"/>
  <File Type="PLACE-IO" Name="FourBitRCA_io_placed.rpt"/>
  <File Type="PLACE-CLK" Name="FourBitRCA_clock_utilization_placed.rpt"/>
  <File Type="PLACE-UTIL" Name="FourBitRCA_utilization_placed.rpt"/>
  <File Type="PLACE-UTIL-PB" Name="FourBitRCA_utilization_placed.pb"/>
  <File Type="PLACE-CTRL" Name="FourBitRCA_control_sets_placed.rpt"/>
  <File Type="PLACE-SIMILARITY" Name="FourBitRCA_incremental_reuse_placed.rpt"/>
  <File Type="PLACE-PRE-SIMILARITY" Name="FourBitRCA_incremental_reuse_pre_placed.rpt"/>
  <File Type="BG-BIN" Name="FourBitRCA.bin"/>
  <File Type="PLACE-TIMING" Name="FourBitRCA_timing_summary_placed.rpt"/>
  <File Type="ROUTE-PWR-RPX" Name="FourBitRCA_power_routed.rpx"/>
  <File Type="PLACE-RQA-PB" Name="FourBitRCA_rqa_placed.pb"/>
  <File Type="POSTPLACE-PWROPT-DCP" Name="FourBitRCA_postplace_pwropt.dcp"/>
  <File Type="BITSTR-MSK" Name="FourBitRCA.msk"/>
  <File Type="POSTPLACE-PWROPT-TIMING" Name="FourBitRCA_timing_summary_postplace_pwropted.rpt"/>
  <File Type="PHYSOPT-DCP" Name="FourBitRCA_physopt.dcp"/>
  <File Type="PHYSOPT-DRC" Name="FourBitRCA_drc_physopted.rpt"/>
  <File Type="BITSTR-RBT" Name="FourBitRCA.rbt"/>
  <File Type="PHYSOPT-TIMING" Name="FourBitRCA_timing_summary_physopted.rpt"/>
  <File Type="ROUTE-ERROR-DCP" Name="FourBitRCA_routed_error.dcp"/>
  <File Type="ROUTE-DCP" Name="FourBitRCA_routed.dcp"/>
  <File Type="ROUTE-BLACKBOX-DCP" Name="FourBitRCA_routed_bb.dcp"/>
  <File Type="ROUTE-DRC" Name="FourBitRCA_drc_routed.rpt"/>
  <File Type="ROUTE-DRC-PB" Name="FourBitRCA_drc_routed.pb"/>
  <File Type="ROUTE-DRC-RPX" Name="FourBitRCA_drc_routed.rpx"/>
  <File Type="ROUTE-METHODOLOGY-DRC" Name="FourBitRCA_methodology_drc_routed.rpt"/>
  <File Type="ROUTE-METHODOLOGY-DRC-RPX" Name="FourBitRCA_methodology_drc_routed.rpx"/>
  <File Type="ROUTE-METHODOLOGY-DRC-PB" Name="FourBitRCA_methodology_drc_routed.pb"/>
  <File Type="ROUTE-RQS-PB" Name="FourBitRCA_rqs_routed.pb"/>
  <File Type="ROUTE-STATUS" Name="FourBitRCA_route_status.rpt"/>
  <File Type="ROUTE-STATUS-PB" Name="FourBitRCA_route_status.pb"/>
  <File Type="ROUTE-TIMINGSUMMARY" Name="FourBitRCA_timing_summary_routed.rpt"/>
  <File Type="ROUTE-TIMING-PB" Name="FourBitRCA_timing_summary_routed.pb"/>
  <File Type="ROUTE-TIMING-RPX" Name="FourBitRCA_timing_summary_routed.rpx"/>
  <File Type="ROUTE-SIMILARITY" Name="FourBitRCA_incremental_reuse_routed.rpt"/>
  <File Type="ROUTE-CLK" Name="FourBitRCA_clock_utilization_routed.rpt"/>
  <File Type="ROUTE-BUS-SKEW" Name="FourBitRCA_bus_skew_routed.rpt"/>
  <File Type="ROUTE-BUS-SKEW-PB" Name="FourBitRCA_bus_skew_routed.pb"/>
  <File Type="ROUTE-BUS-SKEW-RPX" Name="FourBitRCA_bus_skew_routed.rpx"/>
  <File Type="POSTROUTE-PHYSOPT-DCP" Name="FourBitRCA_postroute_physopt.dcp"/>
  <File Type="POSTROUTE-PHYSOPT-BLACKBOX-DCP" Name="FourBitRCA_postroute_physopt_bb.dcp"/>
  <File Type="POSTROUTE-PHYSOPT-TIMING" Name="FourBitRCA_timing_summary_postroute_physopted.rpt"/>
  <File Type="POSTROUTE-PHYSOPT-TIMING-PB" Name="FourBitRCA_timing_summary_postroute_physopted.pb"/>
  <File Type="POSTROUTE-PHYSOPT-TIMING-RPX" Name="FourBitRCA_timing_summary_postroute_physopted.rpx"/>
  <File Type="POSTROUTE-PHYSOPT-BUS-SKEW" Name="FourBitRCA_bus_skew_postroute_physopted.rpt"/>
  <File Type="BG-BIT" Name="FourBitRCA.bit"/>
  <File Type="POSTROUTE-PHYSOPT-BUS-SKEW-PB" Name="FourBitRCA_bus_skew_postroute_physopted.pb"/>
  <File Type="POSTROUTE-PHYSOPT-BUS-SKEW-RPX" Name="FourBitRCA_bus_skew_postroute_physopted.rpx"/>
  <File Type="BITSTR-NKY" Name="FourBitRCA.nky"/>
  <File Type="BITSTR-BMM" Name="FourBitRCA_bd.bmm"/>
  <File Type="PDI-FILE" Name="FourBitRCA.pdi"/>
  <File Type="BOOT-PDI-FILE" Name="FourBitRCA_boot.pdi"/>
  <File Type="PL-PDI-FILE" Name="FourBitRCA_pld.pdi"/>
  <File Type="RCFI_FILE" Name="FourBitRCA.rcfi"/>
  <File Type="CFI_FILE" Name="FourBitRCA.cfi"/>
  <File Type="RNPI_FILE" Name="FourBitRCA.rnpi"/>
  <File Type="NPI_FILE" Name="FourBitRCA.npi"/>
  <File Type="RBD_FILE" Name="FourBitRCA.rbd"/>
  <File Type="BITSTR-LTX" Name="debug_nets.ltx"/>
  <File Type="BITSTR-LTX" Name="FourBitRCA.ltx"/>
  <File Type="BITSTR-SYSDEF" Name="FourBitRCA.sysdef"/>
  <File Type="BG-BGN" Name="FourBitRCA.bgn"/>
  <File Type="BG-DRC" Name="FourBitRCA.drc"/>
  <File Type="RDI-RDI" Name="FourBitRCA.vdi"/>
  <File Type="WBT-USG" Name="usage_statistics_webtalk.html"/>
  <File Type="ROUTE-RQS" Name="FourBitRCA_routed.rqs"/>
  <File Type="POSTROUTE-PHYSOPT-RQS" Name="FourBitRCA_postroute_physopted.rqs"/>
  <File Type="ROUTE-RQS-RPT" Name="route_report_qor_suggestions_0.rpt"/>
  <File Type="POSTROUTE-PHYSOPT-RQS-RPT" Name="postroute_physopt_report_qor_suggestions_0.rpt"/>
  <FileSet Name="sources" Type="DesignSrcs" RelSrcDir="$PSRCDIR/sources_1" RelGenDir="$PGENDIR/sources_1">
    <Filter Type="Srcs"/>
    <File Path="$PSRCDIR/sources_1/new/FullAdder.v">
      <FileInfo>
        <Attr Name="UsedIn" Val="synthesis"/>
        <Attr Name="UsedIn" Val="implementation"/>
        <Attr Name="UsedIn" Val="simulation"/>
      </FileInfo>
    </File>
    <File Path="$PSRCDIR/sources_1/new/FourBitRCA.v">
      <FileInfo>
        <Attr Name="UsedIn" Val="synthesis"/>
        <Attr Name="UsedIn" Val="implementation"/>
        <Attr Name="UsedIn" Val="simulation"/>
      </FileInfo>
    </File>
    <Config>
      <Option Name="DesignMode" Val="RTL"/>
      <Option Name="TopModule" Val="FourBitRCA"/>
      <Option Name="TopAutoSet" Val="TRUE"/>
    </Config>
  </FileSet>
  <FileSet Name="constrs_in" Type="Constrs" RelSrcDir="$PSRCDIR/constrs_1" RelGenDir="$PGENDIR/constrs_1">
    <Filter Type="Constrs"/>
    <File Path="$PSRCDIR/constrs_1/new/FourBitRCA.xdc">
      <FileInfo>
        <Attr Name="UsedIn" Val="synthesis"/>
        <Attr Name="UsedIn" Val="implementation"/>
      </FileInfo>
    </File>
    <Config>
      <Option Name="ConstrsType" Val="XDC"/>
    </Config>
  </FileSet>
  <FileSet Name="utils" Type="Utils" RelSrcDir="$PSRCDIR/utils_1" RelGenDir="$PGENDIR/utils_1">
    <Filter Type="Utils"/>
    <Config>
      <Option Name="TopAutoSet" Val="TRUE"/>
    </Config>
  </FileSet>
  <Strategy Version="1" Minor="2">
    <StratHandle Name="Vivado Implementation Defaults" Flow="Vivado Implementation 2023">
      <Desc>Default settings for Implementation.</Desc>
    </StratHandle>
    <Step Id="init_design"/>
    <Step Id="opt_design"/>
    <Step Id="power_opt_design"/>
    <Step Id="place_design"/>
    <Step Id="post_place_power_opt_design"/>
    <Step Id="phys_opt_design"/>
    <Step Id="route_design"/>
    <Step Id="post_route_phys_opt_design"/>
    <Step Id="write_bitstream"/>
  </Strategy>
</GenRun>
